{
  "K=1": {
    "acc": 0.9475,
    "macro_f1": 0.9474807278051488
  },
  "K=5": {
    "acc": 0.96595,
    "macro_f1": 0.965952289491776
  }
}