{
  "K=1": {
    "acc": 0.896,
    "macro_f1": 0.8959829803402094
  },
  "K=5": {
    "acc": 0.916,
    "macro_f1": 0.9160089010123548
  }
}